{"sections":{"main":{"type":"main-cart","custom_css":[".areviews_rating {font-size: 10px !important; margin-right: -10px;}"],"settings":{"enable_order_notes":false,"show_payment_icons":true,"gift_wrap_product":"","gift_wrap_text":"Embrulhar para Presente?","gift_wrap_button":"Adicionar embrulho","show_shipping_estimator":true,"upsell_heading":"Aproveite e leve também","upsell_collection":"colecao","upsell_products_count":8}},"be733a78-c75f-4182-b7db-4c3f687c5efa":{"type":"featured-collection","custom_css":[".areviews_rating {font-size: 10px !important; margin-right: -10px;}","i.fas.fa-star {color: #03c3ee !important;}"],"settings":{"collection":"colecao","title":"Promoções da Semana","products_count":12,"layout":"vertical","stack_products":false,"show_quick_buy":true,"link_title":"Ver Todos","link_url":""}},"1db63145-a23c-4db4-b201-09b703d67d59":{"type":"recently-viewed-products","custom_css":[".areviews_rating {font-size: 10px !important; margin-right: -10px;}"],"settings":{"title":"Vistos Recentemente","show_quick_buy":true}},"ebfa0e2a-503c-4c3e-a580-92a98ddad63f":{"type":"text-with-icons","blocks":{"template--20097908048180__ebfa0e2a-503c-4c3e-a580-92a98ddad63f-item-1":{"type":"item","settings":{"icon":"bi-fast-delivery","title":"Entrega Garantida","content":"<p>Envio imediato após o pagamento.<\/p>"}},"template--20097908048180__ebfa0e2a-503c-4c3e-a580-92a98ddad63f-item-2":{"type":"item","settings":{"icon":"bi-returns","title":"Cliente Satisfeito","content":"<p>Garantia de compra ou seu dinheiro de volta!<\/p>"}},"template--20097908048180__ebfa0e2a-503c-4c3e-a580-92a98ddad63f-item-3":{"type":"item","settings":{"icon":"bi-customer-support","title":"Suporte ao Cliente","content":"<p>Atendimento Seg. a Sáb. 9:00h às 18:00h<\/p>"}},"template--20097908048180__ebfa0e2a-503c-4c3e-a580-92a98ddad63f-item-4":{"type":"item","settings":{"icon":"bi-secure-payment","title":"Pagamento Seguro","content":"<p>Aceitamos Cartão, PIX e Boleto.<\/p>"}}},"block_order":["template--20097908048180__ebfa0e2a-503c-4c3e-a580-92a98ddad63f-item-1","template--20097908048180__ebfa0e2a-503c-4c3e-a580-92a98ddad63f-item-2","template--20097908048180__ebfa0e2a-503c-4c3e-a580-92a98ddad63f-item-3","template--20097908048180__ebfa0e2a-503c-4c3e-a580-92a98ddad63f-item-4"],"settings":{"stack_mobile":false}}},"order":["main","be733a78-c75f-4182-b7db-4c3f687c5efa","1db63145-a23c-4db4-b201-09b703d67d59","ebfa0e2a-503c-4c3e-a580-92a98ddad63f"]}