{"sections":{"main":{"type":"main-collection","settings":{"show_collection_image":false,"collapse_collection_description":false,"collection_image_size":"preserve_ratio","products_per_row":"4","default_products_per_page":24,"default_view_layout":"grid","show_quick_buy":"list","show_quick_view":"list","quick_links":"","quick_links_show_products_count":false,"show_filters":true,"show_filter_color_swatch":true,"open_group_filters_mode":"all_open"}},"18b15c6e-36d3-4f82-b02a-921db6bda010":{"type":"offers","settings":{"items_per_row":2,"stack_mobile":false}}},"order":["main","18b15c6e-36d3-4f82-b02a-921db6bda010"]}