{"sections":{"72fbb043-85c3-46bf-9ace-0452a82c1c45":{"type":"slideshow","blocks":{"template--15424093651080__72fbb043-85c3-46bf-9ace-0452a82c1c45-1685712315fac1fc2c-0":{"type":"image","settings":{"image":"shopify:\/\/shop_images\/Banner_02_Internacional_Desktop_1.svg","mobile_image":"shopify:\/\/shop_images\/Banner_02_Internacional_Mobile_1.svg","show_overlay":false,"overlay_opacity":30,"text_color":"#ffffff","title":"","content":"","content_position":"middle_center","button_background":"#ffffff","button_text_color":"#000000","button_text":"Button","link":""}}},"block_order":["template--15424093651080__72fbb043-85c3-46bf-9ace-0452a82c1c45-1685712315fac1fc2c-0"],"settings":{"edge_to_edge":false,"section_size":"preserve_ratio","carousel_effect":"slide","autoplay":true,"cycle_speed":3}},"97fc96f0-35f5-4718-9e13-604014972028":{"type":"text-with-icons","blocks":{"template--19713056342324__97fc96f0-35f5-4718-9e13-604014972028-1688051597c78dc01b-0":{"type":"item","settings":{"icon":"bi-fast-delivery","title":"Entrega garantizada","content":"<p>Envío inmediato después del pago.<\/p>"}},"template--19713056342324__97fc96f0-35f5-4718-9e13-604014972028-1688051597c78dc01b-1":{"type":"item","settings":{"icon":"bi-gift-box","title":"Cliente satisfecho","content":"<p>¡Garantía de compra o te devolvemos tu dinero!<\/p>"}},"template--19713056342324__97fc96f0-35f5-4718-9e13-604014972028-1688051597c78dc01b-2":{"type":"item","settings":{"icon":"bi-phone","title":"Atención al cliente","content":"<p>Servicio de lunes a sábado 9:00 am a 6:00 pm<\/p>"}},"template--19713056342324__97fc96f0-35f5-4718-9e13-604014972028-1688051597c78dc01b-3":{"type":"item","settings":{"icon":"bi-credit-card","title":"Pago seguro","content":"<p>Paga tu pedido de forma segura cuando lo recibas<\/p>"}}},"block_order":["template--19713056342324__97fc96f0-35f5-4718-9e13-604014972028-1688051597c78dc01b-0","template--19713056342324__97fc96f0-35f5-4718-9e13-604014972028-1688051597c78dc01b-1","template--19713056342324__97fc96f0-35f5-4718-9e13-604014972028-1688051597c78dc01b-2","template--19713056342324__97fc96f0-35f5-4718-9e13-604014972028-1688051597c78dc01b-3"],"settings":{"stack_mobile":false}},"ce725fcc-39b8-4059-99ad-a9927966bb2c":{"type":"featured-collection","settings":{"collection":"los-mas-vendidos-de-la-semana","title":"Los productos más probados","products_count":12,"layout":"vertical","stack_products":false,"show_quick_buy":false,"link_title":"Ver todo","link_url":""}},"6576eba1-04a8-43f0-afa9-b6b2572cfdf4":{"type":"featured-collection","custom_css":[],"settings":{"collection":"mas-vendidos","title":"Más vendidos","products_count":12,"layout":"horizontal","stack_products":true,"show_quick_buy":true,"link_title":"Ver todo","link_url":""}},"d381af0a-359c-41ae-b999-328125ba05a2":{"type":"video-produto","disabled":true,"settings":{"title":"Super Lançamento","video_url":"https:\/\/www.youtube.com\/watch?v=brfBpJKrWJE","button_text":"CONFERIR OFERTA","product":"produto-demonstrativo","padding_top":"0","padding_bottom":"20","button_color":"#00c3ee","fonte_button_color":"#ffffff"}},"2e690bb7-b50e-47d0-856b-5152217a9967":{"type":"video-marca","disabled":true,"settings":{"title":"Conheça Nossa Loja","video_url":"https:\/\/www.youtube.com\/watch?v=brfBpJKrWJE","description_title":"Saiba quem somos","description":"Venha fazer parte da melhor loja de ecommerce do Brasil de acordo com o Premio Inovares 2023.Venha fazer parte da melhor loja de ecommerce do Brasil de acordo com o Premio Inovares 2023.Venha fazer parte da melhor loja de ecommerce do Brasil de acordo com o Premio Inovares 2023.","button_text":"CONHEÇA A SABINO VISION","link":"shopify:\/\/pages\/contact","padding_top":"0","padding_bottom":"20","button_color":"#00c3ee","fonte_button_color":"#ffffff"}},"fe729566-1b0f-4316-8578-9830c02e8f92":{"type":"slideshow","blocks":{"template--21281016643858__fe729566-1b0f-4316-8578-9830c02e8f92-image-1":{"type":"image","settings":{"image":"shopify:\/\/shop_images\/Banner_01_Internacional_Desktop_1.svg","mobile_image":"shopify:\/\/shop_images\/Banner_01_Internacional_Mobile_1.svg","show_overlay":false,"overlay_opacity":30,"text_color":"#ffffff","title":"","content":"","content_position":"middle_center","button_background":"#ffffff","button_text_color":"#000000","button_text":"Botón","link":""}}},"block_order":["template--21281016643858__fe729566-1b0f-4316-8578-9830c02e8f92-image-1"],"settings":{"edge_to_edge":false,"section_size":"preserve_ratio","carousel_effect":"slide","autoplay":true,"cycle_speed":5}},"79f56aa8-7733-4233-84bf-2b1320502930":{"type":"reviews-home","blocks":{"08a0ff9a-6c40-4484-8dc7-0a34ea0033f2":{"type":"avaliacao","settings":{"person_name":"Maria Angela","review_date":"25\/12\/2022","review_description":"¡Me encantó la variedad de productos! Encontré todo lo que necesitaba fácilmente. La entrega fue rápida y el servicio al cliente fue excelente. Recomiendo totalmente esta tienda online.","amount_stars":5}},"3a69e9b8-7f68-4f38-bf7e-a21a246edd85":{"type":"avaliacao","settings":{"person_name":"João carlos","review_date":"12\/12\/2022","review_description":"¡Me encantó la variedad de productos! Encontré todo lo que necesitaba fácilmente. La entrega fue rápida y el servicio al cliente fue excelente. Recomiendo totalmente esta tienda online.","amount_stars":5}},"a8b6dd6d-6b29-4016-b4d5-47e955bba7c9":{"type":"avaliacao","settings":{"person_name":"Julia Maya","review_date":"12\/05\/2023","review_description":"¡Me encantó la variedad de productos! Encontré todo lo que necesitaba fácilmente. La entrega fue rápida y el servicio al cliente fue excelente. Recomiendo totalmente esta tienda online.","amount_stars":5}},"0e798cc1-e1d0-491f-b62c-67f957cb52b5":{"type":"avaliacao","settings":{"person_name":"","review_date":"","review_description":"","amount_stars":5}},"ca63b091-3c81-47e2-8c4e-a5349ea8a9f0":{"type":"avaliacao","settings":{"person_name":"","review_date":"","review_description":"","amount_stars":5}},"ed1c27be-ed31-43de-b642-df58caa60694":{"type":"avaliacao","settings":{"person_name":"","review_date":"","review_description":"","amount_stars":5}},"6857939f-b516-4cb3-a201-ef4218ccbac4":{"type":"avaliacao","settings":{"person_name":"","review_date":"","review_description":"","amount_stars":5}},"b0e37993-cafd-4978-b902-11e68fcbcc2e":{"type":"avaliacao","settings":{"person_name":"Marcos","review_date":"","review_description":"","amount_stars":5}}},"block_order":["08a0ff9a-6c40-4484-8dc7-0a34ea0033f2","3a69e9b8-7f68-4f38-bf7e-a21a246edd85","a8b6dd6d-6b29-4016-b4d5-47e955bba7c9","0e798cc1-e1d0-491f-b62c-67f957cb52b5","ca63b091-3c81-47e2-8c4e-a5349ea8a9f0","ed1c27be-ed31-43de-b642-df58caa60694","6857939f-b516-4cb3-a201-ef4218ccbac4","b0e37993-cafd-4978-b902-11e68fcbcc2e"],"settings":{"title":"QUE DICEN DE NOSOTROS","avaliacao_texto":"Reseñas reales auditadas por","padding_top":"0","padding_bottom":"20"}}},"order":["72fbb043-85c3-46bf-9ace-0452a82c1c45","97fc96f0-35f5-4718-9e13-604014972028","ce725fcc-39b8-4059-99ad-a9927966bb2c","6576eba1-04a8-43f0-afa9-b6b2572cfdf4","d381af0a-359c-41ae-b999-328125ba05a2","2e690bb7-b50e-47d0-856b-5152217a9967","fe729566-1b0f-4316-8578-9830c02e8f92","79f56aa8-7733-4233-84bf-2b1320502930"]}