{"sections":{"main":{"type":"main-page","settings":{}},"faq":{"type":"faq","blocks":{"separator-1":{"type":"separator","settings":{"title":"Entrega"}},"question-1":{"type":"question","settings":{"title":"Meu código de rastreio não está funcionando o que fazer?","answer":"<p>Os códigos de rastreio após a postagem levam alguns dias para a primeira movimentação, então quando receber o seu código de rastreio não se preocupe, ele irá ser atualizado dentro de alguns dias.<\/p><p>Para rastrear o seu pedido vá até a opção \"Rastrear Pedido\" na parte superior do nosso site e cole o seu código de rastreio lá, e dai você poderá acompanhar as movimentações do seu pedido<\/p>"}},"question-2":{"type":"question","settings":{"title":"Ainda não recebi o meu código de rastreio, o que fazer?","answer":"<p>O códigos de rastreio são enviados diretamente para o seu e-mail no prazo de 4 a 8 dias úteis. Caso exista alta demanda e\/ou feriados prolongados, o prazo de recebimento do código de rastreamento pode ser estendido, conforme necessário. Qualquer dúvida entre em contato com nosso suporte pelo WhatsApp.<\/p><p>Se não encontrar na caixa de entrada, sempre veja se está na caixa de spam ou na lixeira. <\/p>"}},"question-3":{"type":"question","settings":{"title":"Qual o prazo para eu receber o meu produto?","answer":"<p>Nós possuímos vários fornecedores internacionais, portanto, o nosso tempo de entrega é de 3 a 9 semanas, porém lembrando que isso é uma estimativa. Para mais detalhes, leita nossas políticas de entrega.<\/p><p>Este prazo é definido e controlado pelo Correios de acordo com a sua cidade. Você poderá acompanhar todo o rastreamento de seu pedido e estamos a disposição para te ajudar em tudo!<\/p>"}},"separator-2":{"type":"separator","settings":{"title":"Produto"}},"question-4":{"type":"question","settings":{"title":"De onde os produtos são enviados?","answer":"<p>Para garantir a exclusividade de ofertas e os melhores preços, nossos produtos são entregues diretamente de nossos armazéns. Nossos fornecedores possuem entregas saindo entre Suíça, Suécia, Ásia e Estados Unidos.<\/p><p>Antes de serem despachados, cada um dos nossos produtos passa por um estrito controle de qualidade para que você receba um produto em perfeito estado.<\/p>"}},"question-5":{"type":"question","settings":{"title":"O produto possui garantia?","answer":"<p>Sim. Todos os produtos de nossa loja possuem uma garantia incondicional de 7 dias. Para mais detalhes consulte \"Trocas e devoluções\" no rodapé da página.<\/p>"}},"933b7fc1-2daf-4fca-8869-4bf5019ebad2":{"type":"separator","settings":{"title":"Formas de Pagamento"}},"03ed2c34-2dcd-402f-b66a-43194ece887e":{"type":"question","settings":{"title":"Como eu posso pagar meu pedido?","answer":"<p>Trabalhamos com várias opções de pagamentos, são elas: cartões de crédito VISA \/ Mastercard \/ American Express \/ Diners Club Internacional \/ Hipercard \/ Aura \/ Elo, Pix ou boleto bancário.<\/p>"}},"8ecec736-9086-4608-b37f-37d88e7e4c19":{"type":"separator","settings":{"title":"Prazo de Envio"}},"e7a7eb9d-5058-4c0f-963b-a4ae3aab31bc":{"type":"question","settings":{"title":"Tempo de envio","answer":"<p>O prazo de envio de nossa loja é de 2 a 4 semanas<\/p>"}},"9f39f41b-f7e3-424c-b0fb-7b3995e376d7":{"type":"separator","settings":{"title":"Prazos de envio"}},"28fea499-0e17-457f-b061-35955fe9e91a":{"type":"question","settings":{"title":"Envios nacionais","answer":"<p>O prazo de envio de nossos produtos nacionais é de 2 a 4 semanas<\/p>"}},"31247f0a-5daa-4479-bea0-c1d6528e4e0b":{"type":"separator","settings":{"title":"Prazos de entrega"}},"6939c1be-8a0a-4923-80df-100b62fb3d86":{"type":"question","settings":{"title":"Qual o prazo de envio para produtos nacionais?","answer":"<p>O prazo é de 2 a 4 semanas<\/p>"}}},"block_order":["separator-1","question-1","question-2","question-3","separator-2","question-4","question-5","933b7fc1-2daf-4fca-8869-4bf5019ebad2","03ed2c34-2dcd-402f-b66a-43194ece887e","8ecec736-9086-4608-b37f-37d88e7e4c19","e7a7eb9d-5058-4c0f-963b-a4ae3aab31bc","9f39f41b-f7e3-424c-b0fb-7b3995e376d7","28fea499-0e17-457f-b061-35955fe9e91a","31247f0a-5daa-4479-bea0-c1d6528e4e0b","6939c1be-8a0a-4923-80df-100b62fb3d86"],"settings":{"show_contact_info":true,"contact_info_heading":"Ainda está com alguma dúvida?","contact_info_text":"<p>Se sua dúvida não foi respondida nos tópicos assim, entre em contato com os nossos assistentes. Temos um time preparado para te ajudar!<\/p>","contact_1_icon":"bi-phone","contact_1_heading":"Nosso WhatsApp","contact_1_text":"<p>(21) 222222222<\/p>","contact_2_icon":"bi-email","contact_2_heading":"Nosso e-mail","contact_2_text":"<p>suporte@gmail.com<\/p>"}}},"order":["main","faq"]}