{"sections":{"main":{"type":"main-product","blocks":{"product_meta":{"type":"product_meta","settings":{"show_reviews_badge":false,"show_share_buttons":true}},"variant_selector":{"type":"variant_selector","settings":{"selector_mode":"block","color_mode":"block","show_quantity_selector":true,"show_inventory_quantity":false,"low_inventory_threshold":0}},"buy_buttons":{"type":"buy_buttons","settings":{"show_payment_button":true}},"description":{"type":"description","settings":{"display_mode":"show_all"}},"505206d1-4f2a-4c81-8fe9-959a3eca90cf":{"type":"trust","disabled":true,"settings":{"trust_title":"Pagamento Seguro","show_payment_icons":true,"custom_security_badge_width":200}},"503765c6-d9df-48b3-b3d7-51bd478d0b0e":{"type":"content","disabled":true,"settings":{"title":"Política de reembolso","content":"<p>Política de reembolso<\/p>","page":"duvidas-frequentes","display_mode":"view_more"}}},"block_order":["product_meta","variant_selector","buy_buttons","description","505206d1-4f2a-4c81-8fe9-959a3eca90cf","503765c6-d9df-48b3-b3d7-51bd478d0b0e"],"settings":{"image_size":"medium","enable_video_looping":false,"enable_image_zoom":true,"zoom_effect":"outside","carousel_effect":"fade"}},"product-recommendations":{"type":"product-recommendations","custom_css":[".areviews_rating {font-size: 10px !important; margin-right: -10px;}"],"settings":{"heading":"Você pode gostar","show_quick_buy":false}},"recently-viewed-products":{"type":"recently-viewed-products","custom_css":[".areviews_rating {font-size: 10px !important; margin-right: -10px;}"],"settings":{"title":"Vistos recentemente","show_quick_buy":false}},"f94a9f32-c037-4b21-a2a9-54ecd8b9965e":{"type":"collection-list","blocks":{"template--20247414341940__f94a9f32-c037-4b21-a2a9-54ecd8b9965e-collection-1":{"type":"collection","settings":{"collection":"","link":""}},"template--20247414341940__f94a9f32-c037-4b21-a2a9-54ecd8b9965e-collection-2":{"type":"collection","settings":{"collection":"","link":""}},"template--20247414341940__f94a9f32-c037-4b21-a2a9-54ecd8b9965e-collection-3":{"type":"collection","settings":{"collection":"","link":""}},"template--20247414341940__f94a9f32-c037-4b21-a2a9-54ecd8b9965e-collection-4":{"type":"collection","settings":{"collection":"","link":""}},"template--20247414341940__f94a9f32-c037-4b21-a2a9-54ecd8b9965e-collection-5":{"type":"collection","settings":{"collection":"","link":""}},"template--20247414341940__f94a9f32-c037-4b21-a2a9-54ecd8b9965e-collection-6":{"type":"collection","settings":{"collection":"","link":""}}},"block_order":["template--20247414341940__f94a9f32-c037-4b21-a2a9-54ecd8b9965e-collection-1","template--20247414341940__f94a9f32-c037-4b21-a2a9-54ecd8b9965e-collection-2","template--20247414341940__f94a9f32-c037-4b21-a2a9-54ecd8b9965e-collection-3","template--20247414341940__f94a9f32-c037-4b21-a2a9-54ecd8b9965e-collection-4","template--20247414341940__f94a9f32-c037-4b21-a2a9-54ecd8b9965e-collection-5","template--20247414341940__f94a9f32-c037-4b21-a2a9-54ecd8b9965e-collection-6"],"disabled":true,"settings":{"title":"Nossas coleções","link_title":"Ver todos","link":"shopify:\/\/collections","round_images":true,"show_collection_title":true,"sombra_colecao":false}}},"order":["main","product-recommendations","recently-viewed-products","f94a9f32-c037-4b21-a2a9-54ecd8b9965e"]}