{"current":{"branding_color_marcos":"#00c3ee","bar_color":"linear-gradient(197deg, rgba(46, 217, 255, 1) 10%, rgba(0, 166, 255, 1) 50%, rgba(29, 28, 30, 0.9) 84%)","header_background_degrade":"radial-gradient(rgba(255, 255, 255, 1) 42%, rgba(255, 255, 255, 1) 80%)","menu_background_degrade":"linear-gradient(180deg, rgba(255, 255, 255, 1) 3%, rgba(255, 255, 255, 1) 67%)","anuncio_background_degrade":"radial-gradient(rgba(28, 37, 50, 1) 49%, rgba(28, 37, 50, 1) 97%)","rodape_background_degrade":"linear-gradient(0deg, rgba(255, 255, 255, 1) 30%, rgba(255, 255, 255, 1) 73%)","mobile_navegacao":"#f6f6f6","text_color":"#5e5e5e","accent_color":"#040404","link_color":"#131921","border_color":"#f1f1f1","background":"#ffffff","secondary_background":"#ffffff","error_color":"#ff0000","success_color":"#00aa00","primary_button_background":"#00c3ee","primary_button_text_color":"#ffffff","secondary_button_background":"#0078e4","secondary_button_text_color":"#ffffff","header_text_color":"#040404","header_accent_color":"#00c3ee","menu_text_color":"#040404","footer_body_text_color":"#060606","footer_accent_color":"#00c3ee","product_on_sale_accent":"#00c3ee","product_on_sale_accent_f":"#ffffff","product_in_stock_color":"#008a00","product_low_stock_color":"#ee0000","product_sold_out_color":"#8a9297","product_label_1_background":"#ff0000","product_label_2_background":"#000000","product_star_color":"#ffbd00","colecao_accent_color":"#ffc200","botao_direito_enable":true,"selecionar_conteudo_enable":true,"horario_loja":"Servicio: Lunes a sábado 9 am a 6 pm","contato_loja":"contacto: +57 878555875","colors_icon":"#00c3ee","colors_hovericon":"#818181","show_usapple_f":true,"show_usamazon_f":false,"show_usgoogle_f":true,"show_usshoppay_f":false,"show_lojaverificada":true,"URL_loja":"Tienda oficial y registrada | www.minhaloja.com","Nome_loja":"2023 Lojatal - Todos los derechos reservados","logo-msd":0,"logo-msm":-4,"fundo_titulo_inicial":"#fff","texto_titulo_inicial":"#5e5e5e","sub_titulo_inicial":"#00c3ee","comprar_produto":true,"mostrar_vendidos_text":"Unidades vendidas","padding_colecao":12,"padding_colecao_mobile":25,"margintop_colecao":0,"marginbot_colecao":0,"margintop_colecaom":0,"marginbot_colecaom":0,"show_native_button":false,"tit-prod-cor":"#5e5e5e","margem_compra_sup":0,"margem_compra_inf":0,"mostrar-flutuante":true,"vendidos_cor_fonte":"#A7A5A5","vendidos_cor_fundo":"#F5F5F5","mostrar_label2":true,"label2_cor_fundo":"#f50e0e","mostrar_label3":true,"label3_cor_fonte":"#ffffff","label3_cor_fundo":"#0b7308","preco_size":28,"preco_sizem":28,"preco_produto_cor":"#454545","preco_compare_cor":"#818181","desconto_lado_fundo":"#00c3ee","frete1_carregar_frase":true,"frete1_carregar_frase1":"Válido para todo el país hoy!","show_frete1_antes":false,"show_frete1_depois":true,"margin_frete1_i":2,"frete1_frase":"con pago contra entrega","frete1_caminhao":true,"product_localization_color":"#007043","color_frete_fundo":"#fafafa","alt_botao_quantidade":50,"borda_botao_quantidade":10,"show_cronometro":true,"margin_prog_s":0,"margin_prog_i":18,"colorp_progress":"#dedede","colors_progress":"#00c3ee","alt_progress":9,"font_progress":14,"show_bandeiras":true,"bandeiras_w_mobile":11,"bandeiras_w_desktop":9,"show_usapple_p":false,"show_usamazon_p":false,"show_usgoogle_p":false,"show_garantia":true,"margin_gar_s":12,"margin_gar_i":13,"show_descricao":true,"margem_medidas_sup":0,"margem_medidas_inf":10,"popup_button-text":"VER MEDIDAS","popup_size-color":"#2b3948","popup_border":6,"popup_show-color":"#fff","popup_text-color":"#000","size-product":"Tamaño de la bolsa","sizeproduct_pc":"shopify:\/\/shop_images\/base64_img_117161331-2a4de5e8b291cd008d5877c377c3dfb9_1400x1400_a8017356-c007-49b9-8b54-abae7bd760c8.webp","sizeproduct_celular":"shopify:\/\/shop_images\/base64_img_117161331-2a4de5e8b291cd008d5877c377c3dfb9_1400x1400_a8017356-c007-49b9-8b54-abae7bd760c8.webp","base_text_font_size":17,"heading_font":"poppins_n6","text_font":"poppins_n4","underline_links":true,"currency_code_enabled":false,"color_swatch_config":"","animation_image_zoom":false,"search_mode":"product,article","show_vendor":false,"show_secondary_image":true,"show_reviews_badge":false,"show_discount":true,"discount_mode":"percentage","product_price_position":"after_title","product_image_size":"square","show_color_swatch":false,"show_inventory_quantity":false,"low_inventory_threshold":0,"cart_type":"drawer","cart_empty_button_link":"shopify:\/\/collections\/all","cart_show_checkout_button":true,"ativar_contcompra":true,"bandeiras_w_mobile2":14,"bandeiras_w_desktop2":12,"cart_show_free_shipping_threshold":true,"cart_free_shipping_threshold":"1000","social_facebook":"https:\/\/www.instagram.com","social_twitter":"","social_pinterest":"","social_instagram":"https:\/\/www.instagram.com","social_vimeo":"","social_tumblr":"","social_youtube":"https:\/\/www.instagram.com","social_linkedin":"","social_snapchat":"","social_fancy":"","favicon":"shopify:\/\/shop_images\/favicon.png","checkout_header_image":"","checkout_logo_image":"","checkout_logo_position":"left","checkout_logo_size":"medium","checkout_body_background_image":"","checkout_body_background_color":"#fff","checkout_input_background_color_mode":"white","checkout_sidebar_background_image":"","checkout_sidebar_background_color":"#fafafa","checkout_heading_font":"-apple-system, BlinkMacSystemFont, 'Segoe UI', Roboto, Helvetica, Arial, sans-serif, 'Apple Color Emoji', 'Segoe UI Emoji', 'Segoe UI Symbol'","checkout_body_font":"-apple-system, BlinkMacSystemFont, 'Segoe UI', Roboto, Helvetica, Arial, sans-serif, 'Apple Color Emoji', 'Segoe UI Emoji', 'Segoe UI Symbol'","checkout_accent_color":"#00badb","checkout_button_color":"#00badb","checkout_error_color":"#ff0000","botaowhats_rodape":true,"colorp_whats":"#00c3ee","reclameaqui":true,"link_reclameaqui":"https:\/\/www.reclameaqui.com","norton":false,"linkselo":"https:\/\/safeweb.norton.com\/report\/show?url=modafeminina.com.br","bandeiras1_foot":false,"bandeiras2_foot":false,"show_diners_f":true,"show_master_f":true,"show_hiper_f":true,"show_Aura_f":true,"show_elo_f":true,"show_discover_f":true,"show_boleto_f":true,"show_pix_f":true,"bandeiras3_foot":true,"parcelamento_enable":true,"taxa_segunda_parcela":"5.41","taxa_terceira_parcela":"6.78","taxa_quarta_parcela":"8.25","taxa_quinta_parcela":"9.66","taxa_sexta_parcela":"11.04","taxa_setima_parcela":"12.25","taxa_oitava_parcela":"13.85","taxa_nona_parcela":"15.44","taxa_decima_parcela":"16.59","taxa_decima_primeira_parcela":"18.19","taxa_decima_segunda_parcela":"19.79","color_primary_parcelamento":"#00c3ee","color_secondary_parcelamento":"#1e1e1e","color_terciary_parcelamento":"#00265b","color_quart_parcelamento":"#ffffff","color_quint_parcelamento":"#858585","borda_atv_parcelamento2":"#e9e9e9","borda_atv_parcelamento":4,"show_pix_parcelamento":true,"desconto_pix":"5.0","parcel_inicial":"#00c3ee","parcel_prod":"#188e4e","show_whats_compra":true,"whatscompra_cor1":"#00c3ee","whatscompra_cor2":"#ffffff","whatscompra_cor3":"#fff","whatscompra_cor4":"#00c3ee","whatscompra_cor5":"#00c3ee","show_pix_envio":true,"pix_envio_tfonte":13,"pix_envio_tsimb":19,"pix_envio_bordgeral":5,"pix_envio_bordenvio":35,"pix_envio_fundo":"#fafafa","pix_envio_simb":"#00c3ee","pix_envio_enviofundo":"#00c3ee","buscar_frete_btn":"#00c3ee","buscar_frete_local":"#00c3ee","buscar_frete_preco":"#00c3ee","frete1_nome":"Correios","frete1_preco":"Grátis","opcao_frete2":true,"frete2_nome":"Sedex","opcao_frete3":true,"frete3_preco":"R$ 19,79","show_bandeiras1":true,"show_bandeiras2":false,"show_hiper_p":true,"show_boleto_p":true,"show_bandeiras3":false,"frete1_carregar_local":false,"frete1_correios":false,"botaocarrinho":true,"botaopulacarrinho":false,"botaopulacarrinho2":false,"btnpcarrinho2":"DIRETO PRO CHECKOUT","btnpcarrinhofundo2":"#007043","product_on_sale_discount_accent":"#00c3ee","show_installments_text":true,"heading_color":"#1d1c1e","header_background":"#131921","header_light_text_color":"#00c3ee","menu_background":"#131921","footer_heading_text_color":"#00c3ee","hide_popup_size":true,"rodape_cor1":"#000000","rodape_cor2":"#1e1e1e","rodape_cor3":"#232323","rodape_cor4":"#2d2d2d","rodape_deg":180,"footer_background_color":"#131921","barra1_color":"#131921","barra2_color":"#00c3ee","barra3_color":"#00c3ee","barra4_color":"#131921","barra5_color":"#00c3ee","share_image":"","sections":{"header":{"type":"header","blocks":{"4d6a1eac-3cc8-476d-83a8-38fbd9208ec5":{"type":"mega_menu","settings":{"menu_item":"","image_1_heading":"Sua imagem","image_1_text":"Conte a sua história","image_1_link":"shopify:\/\/collections\/colecao-3","image_2_heading":"Sua imagem","image_2_text":"Conte a sua história","image_2_link":"shopify:\/\/collections\/colecao-3"}}},"block_order":["4d6a1eac-3cc8-476d-83a8-38fbd9208ec5"],"settings":{"enable_sticky_header":false,"carrinho-car":false,"carrinho-sacola":true,"ativar-rastreio":true,"rastreio-truck":true,"rastreio-local":false,"text_rastreio1":"Rastreo de orden","text_rastreio2":"Encontrar mi pedido","buscar_icon":true,"buscar_botao":false,"search_border":9,"barra_animada":true,"nav_estilo":"initial","rastreiopage":"rastrear-pedido","mobile_navegacao":"#1136ff","logo_max_width":185,"mobile_logo_max_width":130,"show_locale_selector":false,"show_currency_selector":false,"navigation_menu":"main-menu","navigation_mobile_menu":"","desktop_navigation_layout":"inline","desktop_navigation_open_trigger":"hover","show_navigation_social_media":false,"navigation_phone_number":"219839203","navigation_email":"Suporte@gmail.com","show_condensed_search":true,"show_search_filter":false,"search_menu":"","show_search_menu_title":false}},"footer":{"type":"footer","blocks":{"2112d3ef-93be-49fe-a7cc-9b823acbf839":{"type":"Atendimento-Vision","settings":{}},"footer-1":{"type":"links","settings":{"menu":"footer"}},"d0321471-60ec-43dd-8748-e920eec60a1f":{"type":"newsletter","settings":{"title":"Noticias","subheading":"<p>Mantente al día de todas las novedades y ofertas de primera mano<\/p>"}},"44e96b2d-9d2b-40cd-b274-e1683fd42aea":{"type":"Pagamento-Seguranca","settings":{}}},"block_order":["2112d3ef-93be-49fe-a7cc-9b823acbf839","footer-1","d0321471-60ec-43dd-8748-e920eec60a1f","44e96b2d-9d2b-40cd-b274-e1683fd42aea"],"settings":{"show_locale_selector":false,"show_currency_selector":false,"show_cookie_bar":false,"show_cookie_bar_per":false,"cookie_bar_content":"<p>Concordo com o processamento dos meus dados de acordo com as condições estabelecidas na política de privacidade.<\/p>","cookie_aceitar":"Aceitar","cookie_recusar":"Rejeitar"}},"popups":{"type":"popups","settings":{}},"static-text-with-icons":{"type":"static-text-with-icons","blocks":{"static-text-with-icons-0":{"type":"item","settings":{"icon":"bi-fast-delivery","title":"Envio para todo o Brasil","content":"<p>Entrega via Correios com código de rastreio.<\/p>"}},"static-text-with-icons-1":{"type":"item","settings":{"icon":"bi-returns","title":"Compra Garantida","content":"<p>Garantia de entrega ou dinheiro de volta.<\/p>"}},"static-text-with-icons-2":{"type":"item","settings":{"icon":"bi-customer-support","title":"Suporte Rápido","content":"<p>Atendimento de segunda à sábado de 10:00 às 19:00 h.<\/p>"}},"static-text-with-icons-3":{"type":"item","settings":{"icon":"bi-secure-payment","title":"Pagamento seguro","content":"<p>Ambiente totalmente seguro para pagamentos.<\/p>"}}},"block_order":["static-text-with-icons-0","static-text-with-icons-1","static-text-with-icons-2","static-text-with-icons-3"],"settings":{"show_section":false,"stack_mobile":false}},"barra-topo-vision":{"type":"barra-topo-vision","settings":{"message":false,"home_page_only":false,"linka":"","color_bg":"#000c1d","show_desktop":true,"zoom_desktop":52,"altura_desktop":45,"show_mobile":true,"zoom_mobile":28,"altura_mobile":36}},"announcement-bar":{"type":"announcement-bar","settings":{"show_announcement":true,"anuncio_icons":true,"cor_icons_anun":"#00c3ee","anuncio_icons_text1":"¡Envío gratis!","anuncio_icons_text2":"Satisfacción garantizada","anuncio_icons_text3":"Calidad en un clic","anuncio_font_size":13,"text_color":"#ffffff","anuncio_padrao":false,"text":"O MELHOR TEMA 2023 PARA SHOPIFY","text_position":"left","link":"","show_newsletter":false,"newsletter_button":"Subscribe & Save","newsletter_title":"Newsletter","newsletter_content":"<p>A short sentence describing what someone will receive by subscribing<\/p>"}}},"content_for_index":[]},"presets":{"Metal":{"heading_color":"#1e2d7d","text_color":"#677279","accent_color":"#00badb","link_color":"#00badb","border_color":"#e1e3e4","background":"#f3f5f6","secondary_background":"#ffffff","error_color":"#ff0000","success_color":"#00aa00","primary_button_background":"#00badb","primary_button_text_color":"#ffffff","secondary_button_background":"#1e2d7d","secondary_button_text_color":"#ffffff","header_background":"#1e2d7d","header_text_color":"#ffffff","header_light_text_color":"#a3afef","header_accent_color":"#00badb","product_on_sale_accent":"#ee0000","product_in_stock_color":"#008a00","product_low_stock_color":"#ee0000","product_sold_out_color":"#8a9297","product_label_1_background":"#008a00","product_label_2_background":"#00a500","product_star_color":"#ffbd00","footer_background_color":"#f3f5f6","footer_heading_text_color":"#1e2d7d","footer_body_text_color":"#677279","footer_accent_color":"#00badb","base_text_font_size":16,"heading_font":"din_next_n5","text_font":"din_next_n4","underline_links":true,"animation_image_zoom":true,"search_mode":"product,article","show_vendor":true,"show_secondary_image":true,"product_price_position":"after_title","product_image_size":"natural","show_discount":true,"discount_mode":"saving","show_color_swatch":false,"show_inventory_quantity":false,"low_inventory_threshold":0,"show_reviews_badge":false,"cart_type":"drawer","cart_empty_button_link":"shopify:\/\/collections\/all","cart_show_checkout_button":true,"cart_show_free_shipping_threshold":false,"cart_free_shipping_threshold":"50","share_image":"","social_facebook":"","social_twitter":"","social_pinterest":"","social_instagram":"","social_vimeo":"","social_tumblr":"","social_youtube":"","social_linkedin":"","social_snapchat":"","social_fancy":"","favicon":"","checkout_header_image":"","checkout_logo_image":"","checkout_logo_position":"left","checkout_logo_size":"medium","checkout_body_background_image":"","checkout_body_background_color":"#fff","checkout_input_background_color_mode":"white","checkout_sidebar_background_image":"","checkout_sidebar_background_color":"#fafafa","checkout_heading_font":"-apple-system, BlinkMacSystemFont, 'Segoe UI', Roboto, Helvetica, Arial, sans-serif, 'Apple Color Emoji', 'Segoe UI Emoji', 'Segoe UI Symbol'","checkout_body_font":"-apple-system, BlinkMacSystemFont, 'Segoe UI', Roboto, Helvetica, Arial, sans-serif, 'Apple Color Emoji', 'Segoe UI Emoji', 'Segoe UI Symbol'","checkout_accent_color":"#00badb","checkout_button_color":"#00badb","checkout_error_color":"#ff0000","sections":{"header":{"type":"header","settings":{"mobile_navegacao":"#1136ff","logo":"","logo_max_width":140,"mobile_logo_max_width":100,"navigation_menu":"main-menu","desktop_navigation_layout":"inline","desktop_navigation_open_trigger":"hover","navigation_phone_number":"Call us 000-000-0000","navigation_email":"info@yourwebsite.com","search_menu":""}},"footer":{"type":"footer","blocks":{"footer-0":{"type":"text","settings":{"title":"About the shop","content":"<p>Use this text area to tell your customers about your brand and vision. You can change it in the theme settings.<\/p>"}},"footer-1":{"type":"links","settings":{"menu":"footer"}},"footer-2":{"type":"newsletter","settings":{"title":"Newsletter","subheading":"<p>A short sentence describing what someone will receive by subscribing<\/p>"}}},"block_order":["footer-0","footer-1","footer-2"],"settings":{}},"announcement-bar":{"type":"announcement-bar","settings":{"cor_icons_anun":"#fff","text_color":"#ffffff","text":"Announce something here","link":"","newsletter_button":"Subscribe & Save","newsletter_title":"Newsletter","newsletter_content":"<p>A short sentence describing what someone will receive by subscribing<\/p>"}}}},"Wood":{"heading_color":"#3a2a2f","text_color":"#3a2a2f","accent_color":"#ff6128","link_color":"#ff6128","border_color":"#e7e2de","background":"#f7f4f2","secondary_background":"#ffffff","error_color":"#f71b1b","success_color":"#48b448","primary_button_background":"#ff6128","primary_button_text_color":"#ffffff","secondary_button_background":"#3a2a2f","secondary_button_text_color":"#ffffff","header_background":"#3a2a2f","header_text_color":"#ffffff","header_light_text_color":"#e9e2dd","header_accent_color":"#ff6128","product_on_sale_accent":"#ee0000","product_in_stock_color":"#008a00","product_low_stock_color":"#ee0000","product_sold_out_color":"#d1d1d4","product_label_1_background":"#ff6128","product_label_2_background":"#a95ebe","product_star_color":"#ffb647","footer_background_color":"#f7f4f2","footer_heading_text_color":"#3a2a2f","footer_body_text_color":"#3a2a2f","footer_accent_color":"#ff6128","base_text_font_size":15,"heading_font":"itc_avant_garde_gothic_n5","text_font":"basic_commercial_n4","underline_links":true,"animation_image_zoom":true,"search_mode":"product,article,page","show_vendor":true,"show_secondary_image":true,"show_discount":true,"discount_mode":"percentage","product_price_position":"after_title","product_image_size":"square","show_color_swatch":false,"show_inventory_quantity":true,"low_inventory_threshold":1,"show_reviews_badge":false,"cart_type":"drawer","cart_empty_button_link":"shopify:\/\/collections\/all","cart_show_checkout_button":true,"cart_show_free_shipping_threshold":true,"cart_free_shipping_threshold":"50","checkout_logo_position":"center","checkout_logo_size":"medium","checkout_body_background_image":"","checkout_body_background_color":"#fff","checkout_input_background_color_mode":"white","checkout_sidebar_background_image":"","checkout_sidebar_background_color":"#f7f4f2","checkout_heading_font":"-apple-system, BlinkMacSystemFont, 'Segoe UI', Roboto, Helvetica, Arial, sans-serif, 'Apple Color Emoji', 'Segoe UI Emoji', 'Segoe UI Symbol'","checkout_body_font":"-apple-system, BlinkMacSystemFont, 'Segoe UI', Roboto, Helvetica, Arial, sans-serif, 'Apple Color Emoji', 'Segoe UI Emoji', 'Segoe UI Symbol'","checkout_accent_color":"#ff6128","checkout_button_color":"#ff6128","checkout_error_color":"#f71b1b","sections":{"header":{"type":"header","settings":{"mobile_navegacao":"#1136ff","logo":"","logo_max_width":140,"mobile_logo_max_width":100,"navigation_menu":"main-menu","desktop_navigation_layout":"inline","desktop_navigation_open_trigger":"hover","navigation_phone_number":"Call us 000-000-0000","navigation_email":"info@yourwebsite.com","search_menu":""}},"footer":{"type":"footer","blocks":{"footer-0":{"type":"text","settings":{"title":"About the shop","content":"<p>Use this text area to tell your customers about your brand and vision. You can change it in the theme settings.<\/p>"}},"footer-1":{"type":"links","settings":{"menu":"footer"}},"footer-2":{"type":"newsletter","settings":{"title":"Newsletter","subheading":"<p>A short sentence describing what someone will receive by subscribing<\/p>"}}},"block_order":["footer-0","footer-1","footer-2"],"settings":{}},"announcement-bar":{"type":"announcement-bar","settings":{"cor_icons_anun":"#fff","text_color":"#ffffff","text":"Announce something here","link":"","newsletter_button":"Subscribe & Save","newsletter_title":"Newsletter","newsletter_content":"<p>A short sentence describing what someone will receive by subscribing<\/p>"}}}},"Fabric":{"heading_color":"#222021","text_color":"#616161","accent_color":"#cb1836","link_color":"#cb1836","border_color":"#e8e8e8","background":"#f5f5f5","secondary_background":"#ffffff","error_color":"#cf0e0e","success_color":"#1c7b36","primary_button_background":"#cb1836","primary_button_text_color":"#ffffff","secondary_button_background":"#222021","secondary_button_text_color":"#ffffff","header_background":"#222021","header_text_color":"#ffffff","header_light_text_color":"#e8e8e8","header_accent_color":"#cb1836","footer_background_color":"#222021","footer_heading_text_color":"#ffffff","footer_body_text_color":"#ffffff","footer_accent_color":"#cb1836","product_on_sale_accent":"#cf0e0e","product_in_stock_color":"#1c7b36","product_low_stock_color":"#cf0e0e","product_sold_out_color":"#8a9297","product_label_1_background":"#3f6ab1","product_label_2_background":"#8a44ae","product_star_color":"#ffbd00","base_text_font_size":16,"heading_font":"avenir_next_n7","text_font":"avenir_next_n5","underline_links":true,"animation_image_zoom":true,"search_mode":"product,article","show_vendor":true,"show_secondary_image":true,"show_discount":true,"discount_mode":"percentage","product_price_position":"before_title","product_image_size":"square","show_color_swatch":true,"show_inventory_quantity":true,"low_inventory_threshold":2,"show_reviews_badge":true,"cart_type":"drawer","cart_empty_button_link":"shopify:\/\/collections\/all","cart_show_checkout_button":true,"cart_show_free_shipping_threshold":true,"cart_free_shipping_threshold":"49","social_facebook":"","social_twitter":"","social_pinterest":"","social_instagram":"","social_vimeo":"","social_tumblr":"","social_youtube":"","social_linkedin":"","social_snapchat":"","social_fancy":"","favicon":"","checkout_header_image":"","checkout_logo_image":"","checkout_logo_position":"left","checkout_logo_size":"medium","checkout_body_background_image":"","checkout_body_background_color":"#fff","checkout_input_background_color_mode":"white","checkout_sidebar_background_image":"","checkout_sidebar_background_color":"#f5f5f5","checkout_heading_font":"-apple-system, BlinkMacSystemFont, 'Segoe UI', Roboto, Helvetica, Arial, sans-serif, 'Apple Color Emoji', 'Segoe UI Emoji', 'Segoe UI Symbol'","checkout_body_font":"-apple-system, BlinkMacSystemFont, 'Segoe UI', Roboto, Helvetica, Arial, sans-serif, 'Apple Color Emoji', 'Segoe UI Emoji', 'Segoe UI Symbol'","checkout_accent_color":"#cb1836","checkout_button_color":"#cb1836","checkout_error_color":"#ff0000","sections":{"header":{"type":"header","settings":{"mobile_navegacao":"#1136ff","logo":"","logo_max_width":140,"mobile_logo_max_width":100,"navigation_menu":"main-menu","desktop_navigation_layout":"inline","desktop_navigation_open_trigger":"hover","navigation_phone_number":"Call us 000-000-0000","navigation_email":"info@yourwebsite.com","search_menu":""}},"footer":{"type":"footer","blocks":{"footer-0":{"type":"text","settings":{"title":"About the shop","content":"<p>Use this text area to tell your customers about your brand and vision. You can change it in the theme settings.<\/p>"}},"footer-1":{"type":"links","settings":{"menu":"footer"}},"footer-2":{"type":"newsletter","settings":{"title":"Newsletter","subheading":"<p>A short sentence describing what someone will receive by subscribing<\/p>"}}},"block_order":["footer-0","footer-1","footer-2"],"settings":{}},"announcement-bar":{"type":"announcement-bar","settings":{"cor_icons_anun":"#fff","text_color":"#ffffff","text":"Announce something here","link":"","newsletter_button":"Subscribe & Save","newsletter_title":"Newsletter","newsletter_content":"<p>A short sentence describing what someone will receive by subscribing<\/p>"}}}}}}