[{"name":"theme_info","theme_name":"Tema Sabino Vision","theme_author":"Marcos & \/Sabino","theme_version":"3.0","theme_documentation_url":"https:\/\/google.com.br\/","theme_support_url":"https:\/\/google.com.br\/"},{"name":"Informação","settings":[{"type":"paragraph","content":"Tema original [Vision Latam Espanhol - v.3.0]. "}]},{"name":"Cores","settings":[{"type":"header","content":"Cores Gerais"},{"type":"color","id":"branding_color_marcos","label":"Branding da Marca","info":"Utilizada em diversos icons e partes do tema, adicione a cor principal da sua marca","default":"#1136ff"},{"type":"color_background","id":"bar_color","label":"Barra degradê","info":"Para utilizar apenas uma cor, atribua cores iguais para os pontos. Você pode utilizar gradiente linear ou radial, utilize a criatividade para se destacar dos demais","default":"linear-gradient(180deg, rgba(0, 0, 0, 1) 11%, rgba(0, 0, 0, 1) 84%)"},{"type":"color_background","id":"header_background_degrade","label":"Degradê do cabeçalho","info":"Para utilizar apenas uma cor, atribua cores iguais para os pontos. Você pode utilizar gradiente linear ou radial, utilize a criatividade para se destacar dos demais","default":"linear-gradient(180deg, rgba(0, 0, 0, 1) 11%, rgba(0, 0, 0, 1) 84%)"},{"type":"color_background","id":"menu_background_degrade","label":"Degradê do menu do cabeçalho","info":"Para utilizar apenas uma cor, atribua cores iguais para os pontos. Você pode utilizar gradiente linear ou radial, utilize a criatividade para se destacar dos demais","default":"linear-gradient(180deg, rgba(0, 0, 0, 1) 11%, rgba(0, 0, 0, 1) 84%)"},{"type":"color_background","id":"anuncio_background_degrade","label":"Degradê da barra de anuncio","info":"Para utilizar apenas uma cor, atribua cores iguais para os pontos. Você pode utilizar gradiente linear ou radial, utilize a criatividade para se destacar dos demais","default":"linear-gradient(180deg, rgba(0, 0, 0, 1) 11%, rgba(0, 0, 0, 1) 84%)"},{"type":"color_background","id":"rodape_background_degrade","label":"Degradê no rodapé","info":"Para utilizar apenas uma cor, atribua cores iguais para os pontos. Você pode utilizar gradiente linear ou radial, utilize a criatividade para se destacar dos demais","default":"linear-gradient(180deg, rgba(0, 0, 0, 1) 11%, rgba(0, 0, 0, 1) 84%)"},{"type":"color","id":"mobile_navegacao","label":"background navegaçao mobile","default":"#1136ff"},{"type":"color","id":"text_color","label":"Cor dos textos padrões no tema","default":"#677279"},{"type":"color","id":"accent_color","label":"Cor de realçe (Accent)","default":"#00badb"},{"type":"color","id":"link_color","label":"Cor dos links","default":"#838383"},{"type":"color","id":"border_color","label":"Cor das bordas","default":"#e1e3e4"},{"type":"color","id":"background","label":"Cor de fundo principal (background)","default":"#f3f5f6"},{"type":"color","id":"secondary_background","label":"Cor de fundo secundária","info":"Cor de fundos de cards, como descrição, card de preço do produto, etc..","default":"#ffffff"},{"type":"color","id":"error_color","label":"Mensagem de erro","default":"#ff0000"},{"type":"color","id":"success_color","label":"Mensagem de sucesso","default":"#00aa00"},{"type":"header","content":"Botão primário"},{"type":"color","id":"primary_button_background","label":"Cor de fundo","default":"#00badb"},{"type":"color","id":"primary_button_text_color","label":"Cor do texto","default":"#ffffff"},{"type":"header","content":"Botões secundários"},{"type":"color","id":"secondary_button_background","label":"Cor de fundo","default":"#1e2d7d"},{"type":"color","id":"secondary_button_text_color","label":"Cor do textos","default":"#ffffff"},{"type":"header","content":"Cabeçalho"},{"type":"color","id":"header_text_color","label":"Icones do cabeçalho","default":"#ffffff"},{"type":"color","id":"lupaebuscar_color","label":"Icone Lupa ou fonte botão buscar","default":"#ffffff"},{"type":"color","id":"header_accent_color","label":"Realçe (Accent)","default":"#00badb"},{"type":"color","id":"menu_text_color","label":"Cor dos menus de navegação","default":"#ffffff"},{"type":"header","content":"Rodapé Padrão"},{"type":"color","id":"footer_body_text_color","label":"Textos do rodapé","default":"#677279"},{"type":"color","id":"footer_accent_color","label":"Realçe (Accent)","default":"#00badb"},{"type":"header","content":"Produto Padrão"},{"type":"color","id":"product_on_sale_accent","label":"Fundo Desconto Pág inicial","default":"#ee0000"},{"type":"color","id":"product_on_sale_accent_f","label":"Texto Desconto Pág inicial","default":"#fff"},{"type":"color","id":"product_in_stock_color","label":"Em estoque","default":"#00a500"},{"type":"color","id":"product_low_stock_color","label":"Baixo estoque","default":"#ee0000"},{"type":"color","id":"product_sold_out_color","label":"Esgotado","default":"#8a9297"},{"type":"color","id":"product_label_1_background","label":"Fundo Custom label 1","default":"#0774d7"},{"type":"color","id":"product_label_2_background","label":"Fundo Custom label 2","default":"#00a500"},{"type":"color","id":"product_label_color_1","label":"Fonte da custom label 1","default":"#fff"},{"type":"color","id":"product_label_color_2","label":"Fonte da custom label 2","default":"#fff"},{"type":"color","id":"product_star_color","label":"Cor das estrelas","info":"Não válido para todos os apps de review","default":"#ffbd00"},{"type":"header","content":"Coleções"},{"type":"color","id":"colecao_accent_color","label":"background do titulo da coleção","default":"#000"},{"type":"color","id":"colecao_fonte_color","label":"Cor da fonte do titulo da coleção","default":"#fff"}]},{"name":"Bloqueadores","settings":[{"type":"header","content":"Funções","info":"Bloqueadores essenciais para extensões comuns"},{"type":"checkbox","id":"ali_hunter_enable","label":"Bloquear AliHunter","default":true},{"type":"checkbox","id":"botao_direito_enable","label":"Bloquear botão direito","default":true},{"type":"checkbox","id":"atalho_f12_enable","label":"Bloquear F12","default":true},{"type":"checkbox","id":"selecionar_conteudo_enable","label":"Bloquear seleção de conteúdo","default":true}]},{"name":"Rodapé Tema Vision","settings":[{"type":"header","content":"Atendimento Vision"},{"type":"text","id":"atendimento-cliente","label":"Título Atendimento","default":"Atención al cliente"},{"type":"text","id":"horario_loja","label":"Atendimento","default":"Servicio: lun. el sábado. 10 am a 7 pm"},{"type":"text","id":"email_loja","label":"E-mail de suporte","default":"Correo electrónico: support@sualoja.com"},{"type":"text","id":"contato_loja","label":"Contato da Loja","default":"Contacto: +57 45 55545454"},{"type":"header","content":"Redes Sociais"},{"type":"checkbox","id":"mostrar_redes_footer","label":"Mostrar redes sociais","default":true},{"type":"text","id":"atendimento-redes","label":"Título Redes sociais","default":"Redes sociales"},{"type":"color","id":"colors_icon","label":"Background dos Icons","default":"#000"},{"type":"color","id":"colors_simbol","label":"Cor dos simbolos","default":"#fff"},{"type":"color","id":"colors_hovericon","label":"Background hover","default":"#000"},{"type":"color","id":"colors_hoversimbol","label":"Simbolos hover","default":"#fff"},{"type":"checkbox","id":"show_insta_f","label":"Mostrar instagram","default":true},{"type":"text","id":"url_insta_f","label":"Url Instagram","default":"https:\/\/www.instagram.com\/"},{"type":"checkbox","id":"show_face_f","label":"Mostrar Facebook","default":true},{"type":"text","id":"url_facebook_f","label":"Url Facebook","default":"https:\/\/www.facebook.com\/"},{"type":"checkbox","id":"show_tiktok_f","label":"Mostrar Tiktok","default":true},{"type":"text","id":"url_tiktok_f","label":"Url Tiktok","default":"https:\/\/www.tiktok.com\/"},{"type":"checkbox","id":"show_youtube_f","label":"Mostrar Youtube","default":true},{"type":"text","id":"url_youtube_f","label":"Url Youtube","default":"https:\/\/www.youtube.com\/"},{"type":"checkbox","id":"show_pinterest_f","label":"Mostrar Pinterest","default":true},{"type":"text","id":"url_pinterest_f","label":"Url Pinterest","default":"https:\/\/www.pinterest.com\/"},{"type":"header","content":"Formas de Pagamento"},{"type":"text","id":"formas-pagamento-texto","label":"Título Pagamento","default":"Formas de pago"},{"type":"paragraph","content":"BANDEIRAS ATIVAS"},{"type":"checkbox","id":"show_usmaster_f","label":"Mostrar Mastercard","default":true},{"type":"checkbox","id":"show_usvisa_f","label":"Mostrar Visa","default":true},{"type":"checkbox","id":"show_usamex_f","label":"Mostrar Amex","default":true},{"type":"checkbox","id":"show_uspaypal_f","label":"Mostrar Paypal","default":true},{"type":"checkbox","id":"show_usapple_f","label":"Mostrar Apple pay","default":true},{"type":"checkbox","id":"show_usamazon_f","label":"Mostrar Amazon","default":true},{"type":"checkbox","id":"show_usgoogle_f","label":"Mostrar Google Pay","default":true},{"type":"checkbox","id":"show_usdinners_f","label":"Mostrar Dinners","default":true},{"type":"checkbox","id":"show_usdiscovery_f","label":"Mostrar Discovery","default":true},{"type":"checkbox","id":"show_usshoppay_f","label":"Mostrar Shop Pay","default":true},{"type":"header","content":"Selos"},{"type":"checkbox","id":"show_lojaverificada","label":"Habilitar Selos de segurança","info":"Habilite para apresentar os selos de loja verificada","default":true},{"type":"text","id":"loja-verificada-texto","label":"Título Segurança","default":"Tienda verificada"},{"type":"header","content":"Informaçoes da Loja"},{"type":"text","id":"URL_loja","label":"url da sua loja","default":"Tienda oficial y registrada | www.minhaloja.com"},{"type":"text","id":"Nome_loja","label":"Loja e direitos","default":"2023 LojaTal - Todos los derechos reservados"},{"type":"text","id":"endereco_loja","label":"Endereço da empresa","default":"Su dirección, ciudad, estado, país, código postal"},{"type":"header","content":"Alterações Newsletter"},{"type":"checkbox","id":"nl_alteravel","label":"Ativar Alterações Newsletter","default":false},{"type":"color","id":"colors_nl_fundo","label":"Background do input","default":"#fff"},{"type":"color","id":"colors_nl_borda","label":"Cor da borda","default":"#cccccc"},{"type":"color","id":"colors_nl_texto","label":"Cor do texto","default":"#676767"}]},{"name":"Barra de privacidade","settings":[{"type":"header","content":"Barra de cookies"},{"type":"color","id":"cookie_fundogeral","label":"Cor do fundo da barra","default":"#ededed"},{"type":"color","id":"cookie_fontegeral","label":"Cor da fonte da barra","default":"#000"},{"type":"color","id":"cookie_aceitarfundo","label":"Cor do fundo botão aceitar","default":"#008026"},{"type":"color","id":"cookie_aceitarfonte","label":"Cor da fonte botão aceitar","default":"#fff"},{"type":"color","id":"cookie_recusarfundo","label":"Cor do fundo botão rejeitar","default":"#fa0000"},{"type":"color","id":"cookie_recusarfonte","label":"Cor da fonte botão rejeitar","default":"#fff"},{"type":"range","id":"cookies_fonte","label":"Tamanho da fonte geral","min":0,"max":50,"step":1,"unit":"px","default":14}]},{"name":"Pagina Inicial, Logo e cabeçalho","settings":[{"type":"header","content":"Barra de navegação"},{"type":"range","id":"fonte_navegacao","label":"Tamanho da fonte","info":"Fonte dos textos de navegação no desktop","min":10,"max":30,"step":1,"unit":"px","default":13},{"type":"header","content":"Alterações Logo"},{"type":"range","id":"logo-msd","label":"Margem superior logo Desktop","info":"Use esse recurso para centralizar sua logo no desktop.","min":-20,"max":20,"step":1,"unit":"px","default":0},{"type":"range","id":"logo-mid","label":"Margem inferior logo Desktop","info":"Use esse recurso para centralizar sua logo no desktop caso não consiga centralizar apenas com a margem superior","min":-20,"max":20,"step":1,"unit":"px","default":0},{"type":"range","id":"logo-msm","label":"Margem superior logo Mobile","info":"Use esse recurso para centralizar sua logo no Mobile.","min":-20,"max":20,"step":1,"unit":"px","default":0},{"type":"range","id":"logo-mim","label":"Margem inferior logo Mobile","info":"Use esse recurso para centralizar sua logo no Mobile caso não consiga centralizar apenas com a margem superior","min":-20,"max":20,"step":1,"unit":"px","default":0},{"type":"header","content":"Página inicial Alterações"},{"type":"checkbox","id":"reduztitulo","label":"Reduzir título dos produtos","info":"Utilize esse recurso para limitar o tamanho do título do produto a 2 linhas, após isso será apresentado ...","default":true},{"type":"color","id":"fundo_titulo_inicial","label":"Fundo dos títulos coleção","default":"#EFFBFF"},{"type":"color","id":"texto_titulo_inicial","label":"Texto dos títulos coleção","default":"#000"},{"type":"color","id":"sub_titulo_inicial","label":"Cor do sublinhado","default":"#000"},{"type":"header","content":"Card do Produto"},{"type":"color","id":"tit-prod-inicial-cor","label":"Cor titulo produto","info":"Cor dos titulos dos produtos na página inicial","default":"#404040"},{"type":"checkbox","id":"comprar_produto","label":"Mostrar Vendidos....","info":"Mostrar ...produtos vendidos abaixo do preço do produto","default":true},{"type":"text","id":"mostrar_vendidos_text","label":"Texto após o número de vendidos","info":"Utilize textos como produtos vendidos, compraram esse produto, vendas no último mês","default":"Unidades vendidas"},{"type":"header","content":"Coleções"},{"type":"range","id":"padding_colecao","label":"Proporção Coleções Desktop","info":"Utilize esse recurso para ajustar o tamanho das coleções. Ajuste de acordo com a quantidade de coleçoes que usar, ou que queira que apareça na tela","min":10,"max":25,"step":1,"unit":"vw","default":15},{"type":"range","id":"padding_colecao_mobile","label":"Proporção Coleções mobile","info":"Utilize esse recurso para ajustar o tamanho das coleções. Ajuste de acordo com a quantidade de coleçoes que usar, ou que queira que apareça na tela","min":20,"max":60,"step":1,"unit":"vw","default":30},{"type":"range","id":"margintop_colecao","label":"Margem Superior Coleções Desktop","info":"Utilize esse recurso para ajustar a margem superior da lista de coleções Desktop","min":-200,"max":200,"step":5,"unit":"px","default":30},{"type":"range","id":"marginbot_colecao","label":"Margem inferior Coleções Desktop","info":"Utilize esse recurso para ajustar a margem inferior da lista de coleções Desktop","min":-200,"max":200,"step":5,"unit":"px","default":30},{"type":"range","id":"margintop_colecaom","label":"Margem Superior Coleções mobile","info":"Utilize esse recurso para ajustar a margem superior da lista de coleções mobile","min":-200,"max":200,"step":5,"unit":"px","default":30},{"type":"range","id":"marginbot_colecaom","label":"Margem inferior Coleções mobile","info":"Utilize esse recurso para ajustar a margem inferior da lista de coleções mobile","min":-200,"max":200,"step":5,"unit":"px","default":30}]},{"name":"Alteraçoes Pagina do Produto","settings":[{"type":"header","content":"BOTÃO DE COMPRA"},{"type":"checkbox","id":"show_native_button","label":"Desabilitar botão de checkout nativo","info":"Use para desabilitar o checkout nativo shopify","default":true},{"type":"color","id":"tit-prod-cor","label":"Cor titulo produto","info":"Cor do titulo do produto","default":"#404040"},{"type":"header","content":"Alterações de margens"},{"type":"paragraph","content":"BLOCO VARIANTE"},{"type":"range","id":"margem_variante_sup","label":"Margem Superior Variante","info":"Ajuste a margem superior da parte de variantes","min":-50,"max":50,"step":1,"unit":"px","default":0},{"type":"range","id":"margem_variante_inf","label":"Margem inferior Variante","info":"Ajuste a margem inferior da parte de variantes","min":-50,"max":50,"step":1,"unit":"px","default":20},{"type":"paragraph","content":"BLOCO BOTÃO DE COMPRA E QUANTIDADE"},{"type":"range","id":"margem_compra_sup","label":"Margem Superior compra","info":"Ajuste a margem superior do botão de compra","min":-50,"max":50,"step":1,"unit":"px","default":0},{"type":"range","id":"margem_compra_inf","label":"Margem inferior compra","info":"Ajuste a margem inferior do botão de compra","min":-50,"max":50,"step":1,"unit":"px","default":0},{"type":"header","content":"Caminho da página"},{"type":"checkbox","id":"show_caminho","label":"Mostrar caminho da página","info":"Esse caminho do produto\/página é o que aparece no Desktop no canto esquerto. Exemplo: Pagina inicial > Todos os produtos > Produto tal","default":true},{"type":"header","content":"Botão Flutuante"},{"type":"checkbox","id":"mostrar-flutuante","label":"Mostrar botão Flutuante","default":false},{"type":"text","id":"flutuante1_texto","label":"Texto Botão","info":"Texto do Botão flutuante para produtos de variante única","default":"COMPRAR AHORA"},{"type":"text","id":"flutuante2_texto","label":"Texto Botão","info":"Texto do Botão flutuante para produtos de multiplas variantes","default":"COMPRAR"},{"type":"header","content":"Inf. acima do título"},{"type":"checkbox","id":"mostrar_label","label":"Mostrar vendidos","default":true},{"type":"color","id":"vendidos_cor_fonte","label":"Cor da fonte vendidos","default":"#A7A5A5"},{"type":"color","id":"vendidos_cor_fundo","label":"Cor do background vendidos","default":"#F5F5F5"},{"type":"checkbox","id":"mostrar_label2","label":"Mostrar label 2","default":true},{"type":"text","id":"label2_texto","label":"Texto label 2","default":"MÁS VENDIDO"},{"type":"color","id":"label2_cor_fonte","label":"Cor da fonte label 2","default":"#fff"},{"type":"color","id":"label2_cor_fundo","label":"Cor do background label 2","default":"#66AAFF"},{"type":"checkbox","id":"mostrar_label3","label":"Mostrar label 3","default":true},{"type":"text","id":"label3_texto","label":"Texto label 3","default":"EXCLUSIVIDAD"},{"type":"color","id":"label3_cor_fonte","label":"Cor da fonte label 3","default":"#e2a696"},{"type":"color","id":"label3_cor_fundo","label":"Cor do background label 3","default":"#FFF4eb"},{"type":"header","content":"Tamanho do Preço"},{"type":"range","id":"preco_size","label":"Fonte Preço Desktop","info":"Ajuste o tamanho da fonte do preço para desktop","min":14,"max":50,"step":1,"unit":"px","default":28},{"type":"range","id":"preco_sizem","label":"Fonte Preço mobile","info":"Ajuste o tamanho da fonte do preço para mobile","min":14,"max":50,"step":1,"unit":"px","default":28},{"type":"color","id":"preco_produto_cor","label":"Cor Preço produto","default":"#000"},{"type":"color","id":"preco_compare_cor","label":"Cor Preço comparativo","default":"#575757"},{"type":"color","id":"desconto_lado_fundo","label":"Fundo Desconto ao lado do preço","default":"#ee0000"},{"type":"color","id":"desconto_lado_fonte","label":"Tetxto Desconto ao lado do preço","default":"#fff"},{"type":"header","content":"Box de Frete"},{"type":"checkbox","id":"frete1_carregar_frase","label":"Usar frase para indicar local","info":"Usar frase geral para indicar frete grátis para toda uma região ou país","default":true},{"type":"text","id":"frete1_carregar_frase1","label":"Frase para local","info":"Recomendações: Para todo o país, para todo o mundo, etc","default":"Válido para todo el país"},{"type":"checkbox","id":"show_frete1_antes","label":"Frete antes do btn compra","info":"Box de frete, antes do botão de compra","default":true},{"type":"checkbox","id":"show_frete1_depois","label":"Frete depois do btn compra","info":"Box de frete, depois do botão de compra. Use apenas um dos boxes, antes ou depois e ajuste as margens abaixo.","default":false},{"type":"range","id":"margin_frete1_s","label":"Margem superior","info":"Margem superior do box de frete, ajuste conforme seu gosto.","min":-50,"max":50,"unit":"px","default":0},{"type":"range","id":"margin_frete1_i","label":"Margem inferior","info":"Margem inferior do box de frete, ajuste conforme seu gosto.","min":-50,"max":50,"unit":"px","default":18},{"type":"text","id":"frete1_nome_gra","label":"Nome do Frete","info":"Recomendações: Nome do frete como Frete Grátis, Frete expresso Grátis, etc.","default":"Envío gratis"},{"type":"text","id":"frete1_frase","label":"Prazo de entrega ou envio","info":"Recomendações: Utilize no máximo 4 palavras para o texto ficar uniforme em todos os dispositiveis móveis","default":"Tiempo de envío 2 a 5 días"},{"type":"checkbox","id":"frete1_caminhao","label":"Usar simbolo Caminhão","info":"Primeira opção de frete, com simbolo do caminhão","default":true},{"type":"color","id":"product_truck_background","label":"Cor do fundo do caminhão de Frete","default":"#00c3ee"},{"type":"color","id":"product_truck_color","label":"Cor do caminhão de Frete","default":"#fff"},{"type":"color","id":"product_free_shipping_color","label":"Cor do Frete Grátis","default":"#000"},{"type":"color","id":"product_localization_color","label":"Cor da localização","default":"#36b376"},{"type":"color","id":"color_frete_fundo","label":"Cor do fundo","default":"#fff"},{"type":"header","content":"Botão de Compra e quantidade "},{"type":"range","id":"alt_botao_quantidade","label":"Altura botão compra e quantidade","info":"Defina a altura do botão de compra e do seletor de quantidade","min":40,"max":70,"unit":"px","step":1,"default":50},{"type":"range","id":"borda_botao_quantidade","label":"Arredondamento botão compra e quantidade","info":"Defina o arredondamento do botão de compra e do seletor de quantidade","min":0,"max":50,"unit":"px","step":1,"default":7},{"type":"header","content":"Barra de escassez"},{"type":"checkbox","id":"show_cronometro","label":"Mostrar contador escassez","info":"A barra de escassez é apresentada por TAG de produto, para que a barra apareça, vá até o seu produto e coloque a tag: escassez. Se quiser que a barra apareça em todos os produtos, selecione todos e clique em inserir TAGs ","default":true},{"type":"range","id":"margin_prog_s","label":"Margem superior","info":"Margem superior do contador de escassez, ajuste conforme seu gosto.","min":-50,"max":50,"unit":"px","default":0},{"type":"range","id":"margin_prog_i","label":"Margem inferior","info":"Margem inferior do contador de escassez, ajuste conforme seu gosto.","min":-50,"max":50,"unit":"px","default":20},{"type":"color","id":"colorp_progress","label":"Cor Background Barra de escassez","info":"Cor do background da barra de escassez","default":"#A9A9A9"},{"type":"color","id":"colors_progress","label":"Cor Barra de escassez","info":"Cor principal da barra de escassez","default":"#B90000"},{"type":"range","id":"alt_progress","label":"Altura da Barra de escassez","min":7,"max":20,"unit":"px","default":9},{"type":"range","id":"font_progress","label":"Fonte da barra de escassez","min":10,"max":20,"unit":"px","default":13},{"type":"header","content":"Bandeira dos Cartões"},{"type":"checkbox","id":"show_bandeiras","label":"Mostrar Bandeiras","info":"Mostrar bandeiras das formas de pagamento","default":true},{"type":"range","id":"margin_band_s","label":"Margem superior","info":"Margem superior do box de bandeiras, ajuste conforme seu gosto.","min":-50,"max":50,"unit":"px","default":-10},{"type":"range","id":"margin_band_i","label":"Margem inferior","info":"Margem inferior do box de bandeiras, ajuste conforme seu gosto.","min":-50,"max":50,"unit":"px","default":10},{"type":"text","id":"titulo_bandeiras","label":"Titulo Bandeiras","info":"Frase acima das bandeiras de pagamento","default":"PAGO SEGURO Y RÁPIDO"},{"type":"range","id":"fonte_t_bandeiras","label":"Tamanho da fonte","info":"Tamanho da fonte do título das bandeiras","min":5,"max":20,"unit":"px","default":12},{"type":"range","id":"bandeiras_w_mobile","label":"Tamanho bandeiras mobile","info":"Use esse recurso se diminuir o número de bandeiras, para que consiga preencher totalmente a largura disponível","min":5,"max":20,"unit":"%","default":10},{"type":"range","id":"bandeiras_w_desktop","label":"Tamanho bandeiras desktop","info":"Use esse recurso se diminuir o número de bandeiras, para que consiga preencher totalmente a largura disponível","min":5,"max":20,"unit":"%","default":10},{"type":"checkbox","id":"show_usmaster_p","label":"Mostrar Mastercard","default":true},{"type":"checkbox","id":"show_usvisa_p","label":"Mostrar Visa","default":true},{"type":"checkbox","id":"show_usamex_p","label":"Mostrar Amex","default":true},{"type":"checkbox","id":"show_uspaypal_p","label":"Mostrar Paypal","default":true},{"type":"checkbox","id":"show_usapple_p","label":"Mostrar Apple pay","default":true},{"type":"checkbox","id":"show_usamazon_p","label":"Mostrar Amazon","default":true},{"type":"checkbox","id":"show_usgoogle_p","label":"Mostrar Google Pay","default":true},{"type":"checkbox","id":"show_usdinners_p","label":"Mostrar Dinners","default":true},{"type":"checkbox","id":"show_usdiscovery_p","label":"Mostrar Discovery","default":true},{"type":"checkbox","id":"show_usshoppay_p","label":"Mostrar Shop Pay","default":true},{"type":"header","content":"Box Garantia"},{"type":"checkbox","id":"show_garantia","label":"Mostrar box garantia","info":"Mostrar box com informações de garantia","default":true},{"type":"range","id":"margin_gar_s","label":"Margem superior","info":"Margem superior do box de garantia, ajuste conforme seu gosto.","min":-50,"max":50,"unit":"px","default":5},{"type":"range","id":"margin_gar_i","label":"Margem inferior","info":"Margem inferior do box de garantia, ajuste conforme seu gosto.","min":-50,"max":50,"unit":"px","default":10},{"type":"text","id":"titulo_garantia","label":"Titulo garantia","info":"Título do Box Garantia","default":"Devoluciones gratis"},{"type":"text","id":"titulo_garantia2","label":"Linha 1","info":"Linha 1 do Box Garantia","default":"Reembolso del 100% de tu dinero"},{"type":"text","id":"titulo_garantia3","label":"Linha 2","info":"Linha 2 do Box Garantia","default":"7 días después de recibir la mercancía."},{"type":"color","id":"product_icon_return_color","label":"Cor do ícone de devolução","default":"#00c3ee"},{"type":"color","id":"product_return_color","label":"Cor do título de devolução","default":"#00c3ee"},{"type":"header","content":"DESCRIÇÃO"},{"type":"checkbox","id":"show_descricao","label":"Mostrar Palavra Descricao","info":"Mostrar a palavra Descrição","default":true}]},{"name":"Tabela Medida Pag Produto","settings":[{"type":"header","content":"Botão de medidas em pop-up"},{"type":"paragraph","content":"Como Usar"},{"type":"paragraph","content":"Vá até o produto onde deseja que o popup apareça. Definas as seguintes tags, medidas1 ou medidas2 ou .... até medidas10. Caso adicione a tag medidas1 a imagem referente ao Produto Tipo 1 será apresentada. Qualquer dúvida, assita a aula sobre essa função"},{"type":"paragraph","content":"Aviso: Você definir até 10 imagens diferentes para tamanho. Ex: Tamanho para tenis, camisa, calça, saia, etc."},{"type":"header","content":"Margens do pop-up"},{"type":"range","id":"margem_medidas_sup","label":"Margem Superior popup","info":"Ajuste a margem superior do popup","min":-50,"max":50,"step":1,"unit":"px","default":30},{"type":"range","id":"margem_medidas_inf","label":"Margem inferior popup","info":"Ajuste a margem inferior do popup","min":-50,"max":50,"step":1,"unit":"px","default":15},{"type":"header","content":"Configurações do pop-up"},{"type":"text","id":"popup_button-text","label":"Nome que aparece no botão","info":"Por padrão fica sendo 'MEDIDAS'","default":"VER MEDIDAS"},{"type":"color","id":"popup_size-color","label":"Cor do Botão de Medidas","info":"Troque a cor do botão aqui","default":"#2b3948"},{"type":"color","id":"popup_text_medidas-color","label":"Cor da palavra","info":"Defina uma cor para o texto","default":"#ffffff"},{"type":"range","id":"popup_border","min":0,"max":30,"step":1,"unit":"px","label":"Borda arredondada do botão","info":"Para deixar sem deixe em 0","default":6},{"type":"color","id":"popup_show-color","label":"Cor da caixa do pop-up","info":"Box que abre ao clicar no botão","default":"#fff"},{"type":"color","id":"popup_text-color","label":"Cores no Pop-Up","info":"Defina uma cor para o título, o X e a borda.","default":"#000"},{"type":"color","id":"icon_popup_titulo","label":"Cor título","info":"Defina uma cor para o titulo dentro do popup","default":"#000"},{"type":"paragraph","content":"—————————————————"},{"type":"text","id":"size-product","label":"Tipo de Produto 1","info":"Defina aqui o nome do tipo de produto, exemplo: anel, pulseira, sapato...","default":"Tamaño de..."},{"type":"image_picker","id":"sizeproduct_pc","label":"Medidas na versão Desktop","info":"Formatos aceito: png, jpg ou gif. Recomendado 1000x1000px. Dê preferencia para imagens no formato 1:1.Por padrão, o seletor de imagem aparece vazio ao recarregar o personalizar. Verifique se a imagem foi carregada clicando no botão e habilitando o script"},{"type":"image_picker","id":"sizeproduct_celular","label":"Medidas na versão Celular","info":"Formatos aceito: png, jpg ou gif. Recomendado 1000x1000px a 1000x1400px."},{"type":"paragraph","content":"—————————————————"},{"type":"text","id":"size-product2","label":"Tipo de Produto 2","info":"Defina aqui o nome do tipo de produto, exemplo: anel, pulseira, sapato..."},{"type":"image_picker","id":"sizeproduct_pc2","label":"Medidas na versão Desktop","info":"Formatos aceito: png, jpg ou gif"},{"type":"image_picker","id":"sizeproduct_celular2","label":"Medidas na versão Celular","info":"Formatos aceito: png, jpg ou gif"},{"type":"paragraph","content":"—————————————————"},{"type":"text","id":"size-product3","label":"Tipo de Produto 3","info":"Defina aqui o nome do tipo de produto, exemplo: anel, pulseira, sapato..."},{"type":"image_picker","id":"sizeproduct_pc3","label":"Medidas na versão Desktop","info":"Formatos aceito: png, jpg ou gif"},{"type":"image_picker","id":"sizeproduct_celular3","label":"Medidas na versão Celular","info":"Formatos aceito: png, jpg ou gif"},{"type":"paragraph","content":"—————————————————"},{"type":"text","id":"size-product4","label":"Tipo de Produto 4","info":"Defina aqui o nome do tipo de produto, exemplo: anel, pulseira, sapato..."},{"type":"image_picker","id":"sizeproduct_pc4","label":"Medidas na versão Desktop","info":"Formatos aceito: png, jpg ou gif"},{"type":"image_picker","id":"sizeproduct_celular4","label":"Medidas na versão Celular","info":"Formatos aceito: png, jpg ou gif"},{"type":"paragraph","content":"—————————————————"},{"type":"text","id":"size-product5","label":"Tipo de Produto 5","info":"Defina aqui o nome do tipo de produto, exemplo: anel, pulseira, sapato..."},{"type":"image_picker","id":"sizeproduct_pc5","label":"Medidas na versão Desktop","info":"Formatos aceito: png, jpg ou gif"},{"type":"image_picker","id":"sizeproduct_celular5","label":"Medidas na versão Celular","info":"Formatos aceito: png, jpg ou gif"},{"type":"paragraph","content":"—————————————————"},{"type":"text","id":"size-product6","label":"Tipo de Produto 6","info":"Defina aqui o nome do tipo de produto, exemplo: anel, pulseira, sapato..."},{"type":"image_picker","id":"sizeproduct_pc6","label":"Medidas na versão Desktop","info":"Formatos aceito: png, jpg ou gif"},{"type":"image_picker","id":"sizeproduct_celular6","label":"Medidas na versão Celular","info":"Formatos aceito: png, jpg ou gif"},{"type":"paragraph","content":"—————————————————"},{"type":"text","id":"size-product7","label":"Tipo de Produto 7","info":"Defina aqui o nome do tipo de produto, exemplo: anel, pulseira, sapato..."},{"type":"image_picker","id":"sizeproduct_pc7","label":"Medidas na versão Desktop","info":"Formatos aceito: png, jpg ou gif"},{"type":"image_picker","id":"sizeproduct_celular7","label":"Medidas na versão Celular","info":"Formatos aceito: png, jpg ou gif"},{"type":"paragraph","content":"—————————————————"},{"type":"text","id":"size-product8","label":"Tipo de Produto 8","info":"Defina aqui o nome do tipo de produto, exemplo: anel, pulseira, sapato..."},{"type":"image_picker","id":"sizeproduct_pc8","label":"Medidas na versão Desktop","info":"Formatos aceito: png, jpg ou gif"},{"type":"image_picker","id":"sizeproduct_celular8","label":"Medidas na versão Celular","info":"Formatos aceito: png, jpg ou gif"},{"type":"paragraph","content":"—————————————————"},{"type":"text","id":"size-product9","label":"Tipo de Produto 9","info":"Defina aqui o nome do tipo de produto, exemplo: anel, pulseira, sapato..."},{"type":"image_picker","id":"sizeproduct_pc9","label":"Medidas na versão Desktop","info":"Formatos aceito: png, jpg ou gif"},{"type":"image_picker","id":"sizeproduct_celular9","label":"Medidas na versão Celular","info":"Formatos aceito: png, jpg ou gif"},{"type":"paragraph","content":"—————————————————"},{"type":"text","id":"size-product10","label":"Tipo de Produto 10","info":"Defina aqui o nome do tipo de produto, exemplo: anel, pulseira, sapato..."},{"type":"image_picker","id":"sizeproduct_pc10","label":"Medidas na versão Desktop","info":"Formatos aceito: png, jpg ou gif"},{"type":"image_picker","id":"sizeproduct_celular10","label":"Medidas na versão Celular","info":"Formatos aceito: png, jpg ou gif"}]},{"name":"Tipografica (Fontes)","settings":[{"type":"range","id":"base_text_font_size","label":"Tamanho base","info":"Todos os textos, incluindo títulos, serão dimensionados de acordo com essa base","min":14,"max":20,"unit":"px","default":15},{"type":"header","content":"Títulos"},{"type":"font_picker","id":"heading_font","label":"Font","default":"helvetica_n4"},{"type":"header","content":"Demais textos"},{"type":"font_picker","id":"text_font","label":"Font","default":"helvetica_n4"},{"type":"checkbox","id":"underline_links","label":"Links sublinhados","info":"Aplica-se apenas a links definidos em campos de rich text.","default":false}]},{"name":"Formato da moeda","settings":[{"type":"header","content":"Código de moeda"},{"type":"paragraph","content":"Os preços do carrinho e do checkout sempre mostram códigos de moeda. Exemplo: US$ 1,00. Não use isso se estiver no Brasil"},{"type":"checkbox","id":"currency_code_enabled","label":"Mostra código de moeda","default":false}]},{"name":"Amostra de cor","settings":[{"type":"textarea","id":"color_swatch_config","label":"Configuração","info":"Cada regra deve estar em sua própria linha. [Saiba mais](https:\/\/support.maestrooo.com\/article\/80-product-uploading-custom-color-for-color-swatch) sobre a convenção de nomenclatura exata.OBS: Apenas para usuários avançados"}]},{"name":"Animação","settings":[{"type":"checkbox","id":"animation_image_zoom","label":"Habilitar Zoom ao passar mouse","default":true}]},{"name":"Pesquisa","settings":[{"type":"select","id":"search_mode","label":"Pesquisar apenas...","options":[{"value":"product","label":"Apenas produtos"},{"value":"product,page","label":"Produtos e páginas"},{"value":"product,article","label":"Produtos e blog"},{"value":"product,article,page","label":"Produtos, blogs e páginas"}],"default":"product,article"},{"type":"select","id":"search_unavailable_products","label":"Produtos sem estoque...","options":[{"value":"show","label":"Sempre mostrar"},{"value":"hide","label":"Esconder"},{"value":"last","label":"Mostrar por último"}],"default":"last"}]},{"name":"Grade de produtos","settings":[{"type":"checkbox","id":"show_vendor","label":"Mostrar vendedor","default":false},{"type":"checkbox","id":"show_secondary_image","label":"Mostrar imagem secundária","default":false},{"type":"checkbox","id":"show_reviews_badge","label":"Mostrar avaliação","info":"Para exibir a avaliação, adicione um aplicativo de avaliação de produto. [Saiba mais](https:\/\/help.shopify.com\/en\/manual\/products\/product-reviews\/installation)","default":false},{"type":"checkbox","id":"show_discount","label":"Mostrar etiqueta desconto","default":true},{"type":"select","id":"discount_mode","label":"Mostrar desconto como...","options":[{"value":"percentage","label":"Porcentagem"},{"value":"saving","label":"Economizado"}],"default":"saving"},{"type":"select","id":"product_price_position","label":"Posição do preço","options":[{"value":"before_title","label":"Antes do título do produto"},{"value":"after_title","label":"Após o título do produto"}],"default":"after_title"},{"type":"select","id":"product_image_size","label":"Proporção da imagem do produto","options":[{"value":"natural","label":"Natural"},{"value":"short","label":"baixa (4:3)"},{"value":"square","label":"Quadrada (1:1)"},{"value":"tall","label":"Alta (2:3)"}],"default":"natural"},{"type":"checkbox","id":"show_color_swatch","label":"Mostrar amostra de cores","info":"As cores parecem brancas? [Saiba mais](http:\/\/support.maestrooo.com\/article\/80-product-uploading-custom-color-for-color-swatch)","default":false},{"type":"checkbox","id":"show_inventory_quantity","label":"Mostrar estoque","default":false},{"type":"range","id":"low_inventory_threshold","label":"Limite de estoque baixo","info":"Mostre a quantidade de estoque em vermelho quando a quantidade estiver abaixo do limite. Escolha 0 para sempre mostrar em estoque, se disponível.","min":0,"max":100,"step":1,"default":0}]},{"name":"Carrinho","settings":[{"type":"select","id":"cart_type","label":"Tipo de carrinho","options":[{"value":"drawer","label":"Drawer"},{"value":"page","label":"Página"}],"default":"drawer"},{"type":"url","id":"cart_empty_button_link","label":"Link botão carrinho vazio","default":"\/collections\/all"},{"type":"checkbox","id":"cart_show_checkout_button","label":"Mostrar botão de checkout no drawer","default":true},{"type":"checkbox","id":"ativar_contcompra","label":"Habilitar Continuar comprando","info":"Habilite o botão de continuar comprando no carrinho, tanto para o tipo page (pagina) ou drawer (gaveta)","default":true},{"type":"text","id":"cont_compra_text","label":"Texto do botão","info":"Texto botão continuar comprando","default":"SIGUE COMPRANDO"},{"type":"color","id":"cont_compra_fundo","label":"Fundo botão","info":"Cor de fundo botão continar comprando","default":"#fff"},{"type":"color","id":"cont_compra_borda","label":"borda botão","info":"Cor da borda botão continar comprando","default":"#000"},{"type":"color","id":"cont_compra_texto","label":"Texto do botão","info":"Cor do texto do botão continar comprando","default":"#000"},{"type":"header","content":"Largura bandeiras"},{"type":"range","id":"bandeiras_w_mobile2","label":"Tamanho bandeiras mobile","info":"Use esse recurso se diminuir o número de bandeiras, para que consiga preencher totalmente a largura disponível","min":5,"max":20,"unit":"%","default":10},{"type":"range","id":"bandeiras_w_desktop2","label":"Tamanho bandeiras desktop","info":"Use esse recurso se diminuir o número de bandeiras, para que consiga preencher totalmente a largura disponível","min":5,"max":20,"unit":"%","default":10},{"type":"checkbox","id":"cart_show_free_shipping_threshold","label":"Mostrar frete grátis por quantidade","info":"Certifique-se de ter configurado corretamente suas [taxas de frete](\/admin\/settings\/shipping).","default":false},{"type":"text","id":"cart_free_shipping_threshold","label":"Frete grátis quantidade minima","info":"Escreva apenas um número, sem letras. A redação pode ser alterada em [configurações de idioma](https:\/\/support.maestrooo.com\/article\/55-change-themes-wording).","default":"50"}]},{"name":"Mídia Social","settings":[{"type":"header","content":"Contas"},{"type":"text","id":"social_facebook","info":"https:\/\/www.facebook.com\/shopify","label":"Facebook"},{"type":"text","id":"social_twitter","info":"https:\/\/twitter.com\/shopify","label":"Twitter"},{"type":"text","id":"social_pinterest","info":"https:\/\/www.pinterest.com\/shopify","label":"Pinterest"},{"type":"text","id":"social_instagram","info":"https:\/\/instagram.com\/shopify","label":"Instagram"},{"type":"text","id":"social_vimeo","info":"https:\/\/vimeo.com\/shopify","label":"Vimeo"},{"type":"text","id":"social_tumblr","info":"https:\/\/shopify.tumblr.com","label":"Tumblr"},{"type":"text","id":"social_youtube","info":"https:\/\/www.youtube.com\/user\/shopify","label":"YouTube"},{"type":"text","id":"social_tiktok","info":"https:\/\/www.tiktok.com\/shopify","label":"TikTok"},{"type":"text","id":"social_linkedin","info":"https:\/\/linkedin.com\/in\/shopify","label":"LinkedIn"},{"type":"text","id":"social_snapchat","info":"https:\/\/snapchat.com\/add\/shopify","label":"Snapchat"},{"type":"text","id":"social_fancy","info":"https:\/\/fancy.com\/Shopify","label":"Fancy"}]},{"name":"Favicon","settings":[{"type":"image_picker","id":"favicon","label":"Imagem","info":"96 x 96px .png recomendado"}]}]